MainColor,ComplimentaryColor
244-197-191-255,205-228-244-255
244-197-191-255,26-38-86-255
244-197-191-255,173-173-173-255
244-197-191-255,255-255-255-255
244-197-191-255,5-6-8-255
209-66-70-255,205-228-244-255
209-66-70-255,26-38-86-255
209-66-70-255,173-173-173-255
209-66-70-255,255-255-255-255
209-66-70-255,5-6-8-255
241-89-42-255,19-87-46-255
241-89-42-255,205-228-244-255
241-89-42-255,26-38-86-255
241-89-42-255,26-38-86-255
241-89-42-255,4-5-7-255
246-239-221-255,26-38-86-255
246-239-221-255,98-43-66-255
246-239-221-255,70-53-47-255
246-239-221-255,255-255-255-255
246-239-221-255,5-6-8-255
251-213-78-255,19-87-46-255
251-213-78-255,26-38-86-255
251-213-78-255,255-255-255-255
251-213-78-255,5-6-8-255
1-121-73-255,241-89-42-255
1-121-73-255,98-43-66-255
1-121-73-255,255-255-255-255
1-121-73-255,5-6-8-255
201-223-237-255,251-188-183-255
201-223-237-255,214-33-40-255
201-223-237-255,241-89-42-255
201-223-237-255,255-255-255-255
201-223-237-255,5-6-8-255
27-72-114-255,251-188-183-255
27-72-114-255,214-33-40-255
27-72-114-255,253-216-49-255
27-72-114-255,173-173-173-255
27-72-114-255,255-255-255-255
27-72-114-255,5-6-8-255
115-70-90-255,241-89-42-255
115-70-90-255,173-173-173-255
115-70-90-255,1-121-73-255
115-70-90-255,255-255-255-255
115-70-90-255,5-6-8-255
99-75-71-255,252-241-219-255
99-75-71-255,255-255-255-255
99-75-71-255,9-10-12-255
174-181-189-255,251-188-183-255
174-181-189-255,204-40-32-255
174-181-189-255,26-38-86-255
174-181-189-255,98-43-66-255